--
-- PostgreSQL database dump
--

\restrict IY9b2bhvAcIgZFQvQ4q2kJXjKmnM2gqkQ1ZAnh6fEASKnFFv4eUMNJTl75PcV5H

-- Dumped from database version 17.5 (aa1f746)
-- Dumped by pg_dump version 18.1

SET statement_timeout = 0;
SET lock_timeout = 0;
SET idle_in_transaction_session_timeout = 0;
SET transaction_timeout = 0;
SET client_encoding = 'UTF8';
SET standard_conforming_strings = on;
SELECT pg_catalog.set_config('search_path', '', false);
SET check_function_bodies = false;
SET xmloption = content;
SET client_min_messages = warning;
SET row_security = off;

--
-- Name: ocloset; Type: SCHEMA; Schema: -; Owner: neondb_owner
--

CREATE SCHEMA ocloset;


ALTER SCHEMA ocloset OWNER TO neondb_owner;

SET default_tablespace = '';

SET default_table_access_method = heap;

--
-- Name: alugueis; Type: TABLE; Schema: ocloset; Owner: neondb_owner
--

CREATE TABLE ocloset.alugueis (
    id integer NOT NULL,
    reserva_id integer,
    usuario_id integer,
    roupa_id integer,
    data_inicio timestamp without time zone NOT NULL,
    data_fim timestamp without time zone NOT NULL,
    status character varying(20) DEFAULT 'ativa'::character varying,
    criado_em timestamp without time zone DEFAULT now(),
    atualizado_em timestamp without time zone DEFAULT now()
);


ALTER TABLE ocloset.alugueis OWNER TO neondb_owner;

--
-- Name: alugueis_id_seq; Type: SEQUENCE; Schema: ocloset; Owner: neondb_owner
--

CREATE SEQUENCE ocloset.alugueis_id_seq
    AS integer
    START WITH 1
    INCREMENT BY 1
    NO MINVALUE
    NO MAXVALUE
    CACHE 1;


ALTER SEQUENCE ocloset.alugueis_id_seq OWNER TO neondb_owner;

--
-- Name: alugueis_id_seq; Type: SEQUENCE OWNED BY; Schema: ocloset; Owner: neondb_owner
--

ALTER SEQUENCE ocloset.alugueis_id_seq OWNED BY ocloset.alugueis.id;


--
-- Name: auth_group; Type: TABLE; Schema: ocloset; Owner: neondb_owner
--

CREATE TABLE ocloset.auth_group (
    id integer NOT NULL,
    name character varying(150) NOT NULL
);


ALTER TABLE ocloset.auth_group OWNER TO neondb_owner;

--
-- Name: auth_group_id_seq; Type: SEQUENCE; Schema: ocloset; Owner: neondb_owner
--

ALTER TABLE ocloset.auth_group ALTER COLUMN id ADD GENERATED BY DEFAULT AS IDENTITY (
    SEQUENCE NAME ocloset.auth_group_id_seq
    START WITH 1
    INCREMENT BY 1
    NO MINVALUE
    NO MAXVALUE
    CACHE 1
);


--
-- Name: auth_group_permissions; Type: TABLE; Schema: ocloset; Owner: neondb_owner
--

CREATE TABLE ocloset.auth_group_permissions (
    id bigint NOT NULL,
    group_id integer NOT NULL,
    permission_id integer NOT NULL
);


ALTER TABLE ocloset.auth_group_permissions OWNER TO neondb_owner;

--
-- Name: auth_group_permissions_id_seq; Type: SEQUENCE; Schema: ocloset; Owner: neondb_owner
--

ALTER TABLE ocloset.auth_group_permissions ALTER COLUMN id ADD GENERATED BY DEFAULT AS IDENTITY (
    SEQUENCE NAME ocloset.auth_group_permissions_id_seq
    START WITH 1
    INCREMENT BY 1
    NO MINVALUE
    NO MAXVALUE
    CACHE 1
);


--
-- Name: auth_permission; Type: TABLE; Schema: ocloset; Owner: neondb_owner
--

CREATE TABLE ocloset.auth_permission (
    id integer NOT NULL,
    name character varying(255) NOT NULL,
    content_type_id integer NOT NULL,
    codename character varying(100) NOT NULL
);


ALTER TABLE ocloset.auth_permission OWNER TO neondb_owner;

--
-- Name: auth_permission_id_seq; Type: SEQUENCE; Schema: ocloset; Owner: neondb_owner
--

ALTER TABLE ocloset.auth_permission ALTER COLUMN id ADD GENERATED BY DEFAULT AS IDENTITY (
    SEQUENCE NAME ocloset.auth_permission_id_seq
    START WITH 1
    INCREMENT BY 1
    NO MINVALUE
    NO MAXVALUE
    CACHE 1
);


--
-- Name: auth_user; Type: TABLE; Schema: ocloset; Owner: neondb_owner
--

CREATE TABLE ocloset.auth_user (
    id integer NOT NULL,
    password character varying(128) NOT NULL,
    last_login timestamp with time zone,
    is_superuser boolean NOT NULL,
    username character varying(150) NOT NULL,
    first_name character varying(150) NOT NULL,
    last_name character varying(150) NOT NULL,
    email character varying(254) NOT NULL,
    is_staff boolean NOT NULL,
    is_active boolean NOT NULL,
    date_joined timestamp with time zone NOT NULL
);


ALTER TABLE ocloset.auth_user OWNER TO neondb_owner;

--
-- Name: auth_user_groups; Type: TABLE; Schema: ocloset; Owner: neondb_owner
--

CREATE TABLE ocloset.auth_user_groups (
    id bigint NOT NULL,
    user_id integer NOT NULL,
    group_id integer NOT NULL
);


ALTER TABLE ocloset.auth_user_groups OWNER TO neondb_owner;

--
-- Name: auth_user_groups_id_seq; Type: SEQUENCE; Schema: ocloset; Owner: neondb_owner
--

ALTER TABLE ocloset.auth_user_groups ALTER COLUMN id ADD GENERATED BY DEFAULT AS IDENTITY (
    SEQUENCE NAME ocloset.auth_user_groups_id_seq
    START WITH 1
    INCREMENT BY 1
    NO MINVALUE
    NO MAXVALUE
    CACHE 1
);


--
-- Name: auth_user_id_seq; Type: SEQUENCE; Schema: ocloset; Owner: neondb_owner
--

ALTER TABLE ocloset.auth_user ALTER COLUMN id ADD GENERATED BY DEFAULT AS IDENTITY (
    SEQUENCE NAME ocloset.auth_user_id_seq
    START WITH 1
    INCREMENT BY 1
    NO MINVALUE
    NO MAXVALUE
    CACHE 1
);


--
-- Name: auth_user_user_permissions; Type: TABLE; Schema: ocloset; Owner: neondb_owner
--

CREATE TABLE ocloset.auth_user_user_permissions (
    id bigint NOT NULL,
    user_id integer NOT NULL,
    permission_id integer NOT NULL
);


ALTER TABLE ocloset.auth_user_user_permissions OWNER TO neondb_owner;

--
-- Name: auth_user_user_permissions_id_seq; Type: SEQUENCE; Schema: ocloset; Owner: neondb_owner
--

ALTER TABLE ocloset.auth_user_user_permissions ALTER COLUMN id ADD GENERATED BY DEFAULT AS IDENTITY (
    SEQUENCE NAME ocloset.auth_user_user_permissions_id_seq
    START WITH 1
    INCREMENT BY 1
    NO MINVALUE
    NO MAXVALUE
    CACHE 1
);


--
-- Name: authtoken_token; Type: TABLE; Schema: ocloset; Owner: neondb_owner
--

CREATE TABLE ocloset.authtoken_token (
    key character varying(40) NOT NULL,
    created timestamp with time zone NOT NULL,
    user_id integer NOT NULL
);


ALTER TABLE ocloset.authtoken_token OWNER TO neondb_owner;

--
-- Name: avaliacoes; Type: TABLE; Schema: ocloset; Owner: neondb_owner
--

CREATE TABLE ocloset.avaliacoes (
    id integer NOT NULL,
    usuario_id integer,
    roupa_id integer,
    nota integer,
    comentario text,
    criado_em timestamp without time zone DEFAULT now(),
    atualizado_em timestamp without time zone DEFAULT now(),
    CONSTRAINT avaliacoes_nota_check CHECK (((nota >= 1) AND (nota <= 5)))
);


ALTER TABLE ocloset.avaliacoes OWNER TO neondb_owner;

--
-- Name: avaliacoes_id_seq; Type: SEQUENCE; Schema: ocloset; Owner: neondb_owner
--

CREATE SEQUENCE ocloset.avaliacoes_id_seq
    AS integer
    START WITH 1
    INCREMENT BY 1
    NO MINVALUE
    NO MAXVALUE
    CACHE 1;


ALTER SEQUENCE ocloset.avaliacoes_id_seq OWNER TO neondb_owner;

--
-- Name: avaliacoes_id_seq; Type: SEQUENCE OWNED BY; Schema: ocloset; Owner: neondb_owner
--

ALTER SEQUENCE ocloset.avaliacoes_id_seq OWNED BY ocloset.avaliacoes.id;


--
-- Name: comentarios; Type: TABLE; Schema: ocloset; Owner: neondb_owner
--

CREATE TABLE ocloset.comentarios (
    id integer NOT NULL,
    roupa_id integer NOT NULL,
    usuario_id integer NOT NULL,
    comentario text NOT NULL
);


ALTER TABLE ocloset.comentarios OWNER TO neondb_owner;

--
-- Name: comentarios_id_seq; Type: SEQUENCE; Schema: ocloset; Owner: neondb_owner
--

CREATE SEQUENCE ocloset.comentarios_id_seq
    AS integer
    START WITH 1
    INCREMENT BY 1
    NO MINVALUE
    NO MAXVALUE
    CACHE 1;


ALTER SEQUENCE ocloset.comentarios_id_seq OWNER TO neondb_owner;

--
-- Name: comentarios_id_seq; Type: SEQUENCE OWNED BY; Schema: ocloset; Owner: neondb_owner
--

ALTER SEQUENCE ocloset.comentarios_id_seq OWNED BY ocloset.comentarios.id;


--
-- Name: django_admin_log; Type: TABLE; Schema: ocloset; Owner: neondb_owner
--

CREATE TABLE ocloset.django_admin_log (
    id integer NOT NULL,
    action_time timestamp with time zone NOT NULL,
    object_id text,
    object_repr character varying(200) NOT NULL,
    action_flag smallint NOT NULL,
    change_message text NOT NULL,
    content_type_id integer,
    user_id integer NOT NULL,
    CONSTRAINT django_admin_log_action_flag_check CHECK ((action_flag >= 0))
);


ALTER TABLE ocloset.django_admin_log OWNER TO neondb_owner;

--
-- Name: django_admin_log_id_seq; Type: SEQUENCE; Schema: ocloset; Owner: neondb_owner
--

ALTER TABLE ocloset.django_admin_log ALTER COLUMN id ADD GENERATED BY DEFAULT AS IDENTITY (
    SEQUENCE NAME ocloset.django_admin_log_id_seq
    START WITH 1
    INCREMENT BY 1
    NO MINVALUE
    NO MAXVALUE
    CACHE 1
);


--
-- Name: django_content_type; Type: TABLE; Schema: ocloset; Owner: neondb_owner
--

CREATE TABLE ocloset.django_content_type (
    id integer NOT NULL,
    app_label character varying(100) NOT NULL,
    model character varying(100) NOT NULL
);


ALTER TABLE ocloset.django_content_type OWNER TO neondb_owner;

--
-- Name: django_content_type_id_seq; Type: SEQUENCE; Schema: ocloset; Owner: neondb_owner
--

ALTER TABLE ocloset.django_content_type ALTER COLUMN id ADD GENERATED BY DEFAULT AS IDENTITY (
    SEQUENCE NAME ocloset.django_content_type_id_seq
    START WITH 1
    INCREMENT BY 1
    NO MINVALUE
    NO MAXVALUE
    CACHE 1
);


--
-- Name: django_migrations; Type: TABLE; Schema: ocloset; Owner: neondb_owner
--

CREATE TABLE ocloset.django_migrations (
    id bigint NOT NULL,
    app character varying(255) NOT NULL,
    name character varying(255) NOT NULL,
    applied timestamp with time zone NOT NULL
);


ALTER TABLE ocloset.django_migrations OWNER TO neondb_owner;

--
-- Name: django_migrations_id_seq; Type: SEQUENCE; Schema: ocloset; Owner: neondb_owner
--

ALTER TABLE ocloset.django_migrations ALTER COLUMN id ADD GENERATED BY DEFAULT AS IDENTITY (
    SEQUENCE NAME ocloset.django_migrations_id_seq
    START WITH 1
    INCREMENT BY 1
    NO MINVALUE
    NO MAXVALUE
    CACHE 1
);


--
-- Name: django_session; Type: TABLE; Schema: ocloset; Owner: neondb_owner
--

CREATE TABLE ocloset.django_session (
    session_key character varying(40) NOT NULL,
    session_data text NOT NULL,
    expire_date timestamp with time zone NOT NULL
);


ALTER TABLE ocloset.django_session OWNER TO neondb_owner;

--
-- Name: favoritos; Type: TABLE; Schema: ocloset; Owner: neondb_owner
--

CREATE TABLE ocloset.favoritos (
    id integer NOT NULL,
    usuario_id integer,
    roupa_id integer,
    criado_em timestamp without time zone DEFAULT now()
);


ALTER TABLE ocloset.favoritos OWNER TO neondb_owner;

--
-- Name: favoritos_id_seq; Type: SEQUENCE; Schema: ocloset; Owner: neondb_owner
--

CREATE SEQUENCE ocloset.favoritos_id_seq
    AS integer
    START WITH 1
    INCREMENT BY 1
    NO MINVALUE
    NO MAXVALUE
    CACHE 1;


ALTER SEQUENCE ocloset.favoritos_id_seq OWNER TO neondb_owner;

--
-- Name: favoritos_id_seq; Type: SEQUENCE OWNED BY; Schema: ocloset; Owner: neondb_owner
--

ALTER SEQUENCE ocloset.favoritos_id_seq OWNED BY ocloset.favoritos.id;


--
-- Name: pagamentos; Type: TABLE; Schema: ocloset; Owner: neondb_owner
--

CREATE TABLE ocloset.pagamentos (
    id integer NOT NULL,
    reserva_id integer NOT NULL,
    valor numeric(10,2) NOT NULL,
    metodo character varying(50) NOT NULL,
    status character varying(20) DEFAULT 'pendente'::character varying,
    CONSTRAINT pagamentos_metodo_check CHECK (((metodo)::text = ANY (ARRAY[('pix'::character varying)::text, ('cartao'::character varying)::text, ('boleto'::character varying)::text]))),
    CONSTRAINT pagamentos_status_check CHECK (((status)::text = ANY (ARRAY[('pendente'::character varying)::text, ('pago'::character varying)::text, ('falhou'::character varying)::text])))
);


ALTER TABLE ocloset.pagamentos OWNER TO neondb_owner;

--
-- Name: pagamentos_id_seq; Type: SEQUENCE; Schema: ocloset; Owner: neondb_owner
--

CREATE SEQUENCE ocloset.pagamentos_id_seq
    AS integer
    START WITH 1
    INCREMENT BY 1
    NO MINVALUE
    NO MAXVALUE
    CACHE 1;


ALTER SEQUENCE ocloset.pagamentos_id_seq OWNER TO neondb_owner;

--
-- Name: pagamentos_id_seq; Type: SEQUENCE OWNED BY; Schema: ocloset; Owner: neondb_owner
--

ALTER SEQUENCE ocloset.pagamentos_id_seq OWNED BY ocloset.pagamentos.id;


--
-- Name: reservas; Type: TABLE; Schema: ocloset; Owner: neondb_owner
--

CREATE TABLE ocloset.reservas (
    id integer NOT NULL,
    usuario_id integer NOT NULL,
    roupa_id integer NOT NULL,
    data_inicio date NOT NULL,
    data_fim date NOT NULL,
    status character varying(20) DEFAULT 'ativo'::character varying,
    criado_em timestamp without time zone DEFAULT now(),
    atualizado_em timestamp without time zone DEFAULT now(),
    CONSTRAINT reservas_status_check CHECK (((status)::text = ANY (ARRAY[('ativo'::character varying)::text, ('finalizado'::character varying)::text, ('cancelado'::character varying)::text])))
);


ALTER TABLE ocloset.reservas OWNER TO neondb_owner;

--
-- Name: reservas_id_seq; Type: SEQUENCE; Schema: ocloset; Owner: neondb_owner
--

CREATE SEQUENCE ocloset.reservas_id_seq
    AS integer
    START WITH 1
    INCREMENT BY 1
    NO MINVALUE
    NO MAXVALUE
    CACHE 1;


ALTER SEQUENCE ocloset.reservas_id_seq OWNER TO neondb_owner;

--
-- Name: reservas_id_seq; Type: SEQUENCE OWNED BY; Schema: ocloset; Owner: neondb_owner
--

ALTER SEQUENCE ocloset.reservas_id_seq OWNED BY ocloset.reservas.id;


--
-- Name: roupas; Type: TABLE; Schema: ocloset; Owner: neondb_owner
--

CREATE TABLE ocloset.roupas (
    id integer NOT NULL,
    usuario_id integer NOT NULL,
    marca character varying(100),
    cor character varying(50),
    tamanho character varying(20),
    descricao text,
    cuidados text,
    ocasiao character varying(100),
    valor numeric(10,2) NOT NULL,
    status character varying(20) DEFAULT 'disponivel'::character varying,
    criado_em timestamp without time zone DEFAULT now(),
    atualizado_em timestamp without time zone DEFAULT now(),
    CONSTRAINT roupas_status_check CHECK (((status)::text = ANY (ARRAY[('disponivel'::character varying)::text, ('reservada'::character varying)::text, ('indisponivel'::character varying)::text])))
);


ALTER TABLE ocloset.roupas OWNER TO neondb_owner;

--
-- Name: roupas_id_seq; Type: SEQUENCE; Schema: ocloset; Owner: neondb_owner
--

CREATE SEQUENCE ocloset.roupas_id_seq
    AS integer
    START WITH 1
    INCREMENT BY 1
    NO MINVALUE
    NO MAXVALUE
    CACHE 1;


ALTER SEQUENCE ocloset.roupas_id_seq OWNER TO neondb_owner;

--
-- Name: roupas_id_seq; Type: SEQUENCE OWNED BY; Schema: ocloset; Owner: neondb_owner
--

ALTER SEQUENCE ocloset.roupas_id_seq OWNED BY ocloset.roupas.id;


--
-- Name: roupas_imagens; Type: TABLE; Schema: ocloset; Owner: neondb_owner
--

CREATE TABLE ocloset.roupas_imagens (
    id integer NOT NULL,
    roupa_id integer NOT NULL,
    url text NOT NULL,
    criado_em timestamp without time zone DEFAULT now()
);


ALTER TABLE ocloset.roupas_imagens OWNER TO neondb_owner;

--
-- Name: roupas_imagens_id_seq; Type: SEQUENCE; Schema: ocloset; Owner: neondb_owner
--

CREATE SEQUENCE ocloset.roupas_imagens_id_seq
    AS integer
    START WITH 1
    INCREMENT BY 1
    NO MINVALUE
    NO MAXVALUE
    CACHE 1;


ALTER SEQUENCE ocloset.roupas_imagens_id_seq OWNER TO neondb_owner;

--
-- Name: roupas_imagens_id_seq; Type: SEQUENCE OWNED BY; Schema: ocloset; Owner: neondb_owner
--

ALTER SEQUENCE ocloset.roupas_imagens_id_seq OWNED BY ocloset.roupas_imagens.id;


--
-- Name: usuarios; Type: TABLE; Schema: ocloset; Owner: neondb_owner
--

CREATE TABLE ocloset.usuarios (
    id integer NOT NULL,
    nome character varying(100) NOT NULL,
    email character varying(150) NOT NULL,
    telefone character varying(20),
    cpf character varying(14),
    cidade character varying(100),
    bairro character varying(100),
    endereco character varying(255),
    criado_em timestamp without time zone DEFAULT now(),
    atualizado_em timestamp without time zone DEFAULT now(),
    user_id integer
);


ALTER TABLE ocloset.usuarios OWNER TO neondb_owner;

--
-- Name: usuarios_id_seq; Type: SEQUENCE; Schema: ocloset; Owner: neondb_owner
--

CREATE SEQUENCE ocloset.usuarios_id_seq
    AS integer
    START WITH 1
    INCREMENT BY 1
    NO MINVALUE
    NO MAXVALUE
    CACHE 1;


ALTER SEQUENCE ocloset.usuarios_id_seq OWNER TO neondb_owner;

--
-- Name: usuarios_id_seq; Type: SEQUENCE OWNED BY; Schema: ocloset; Owner: neondb_owner
--

ALTER SEQUENCE ocloset.usuarios_id_seq OWNED BY ocloset.usuarios.id;


--
-- Name: alugueis id; Type: DEFAULT; Schema: ocloset; Owner: neondb_owner
--

ALTER TABLE ONLY ocloset.alugueis ALTER COLUMN id SET DEFAULT nextval('ocloset.alugueis_id_seq'::regclass);


--
-- Name: avaliacoes id; Type: DEFAULT; Schema: ocloset; Owner: neondb_owner
--

ALTER TABLE ONLY ocloset.avaliacoes ALTER COLUMN id SET DEFAULT nextval('ocloset.avaliacoes_id_seq'::regclass);


--
-- Name: comentarios id; Type: DEFAULT; Schema: ocloset; Owner: neondb_owner
--

ALTER TABLE ONLY ocloset.comentarios ALTER COLUMN id SET DEFAULT nextval('ocloset.comentarios_id_seq'::regclass);


--
-- Name: favoritos id; Type: DEFAULT; Schema: ocloset; Owner: neondb_owner
--

ALTER TABLE ONLY ocloset.favoritos ALTER COLUMN id SET DEFAULT nextval('ocloset.favoritos_id_seq'::regclass);


--
-- Name: pagamentos id; Type: DEFAULT; Schema: ocloset; Owner: neondb_owner
--

ALTER TABLE ONLY ocloset.pagamentos ALTER COLUMN id SET DEFAULT nextval('ocloset.pagamentos_id_seq'::regclass);


--
-- Name: reservas id; Type: DEFAULT; Schema: ocloset; Owner: neondb_owner
--

ALTER TABLE ONLY ocloset.reservas ALTER COLUMN id SET DEFAULT nextval('ocloset.reservas_id_seq'::regclass);


--
-- Name: roupas id; Type: DEFAULT; Schema: ocloset; Owner: neondb_owner
--

ALTER TABLE ONLY ocloset.roupas ALTER COLUMN id SET DEFAULT nextval('ocloset.roupas_id_seq'::regclass);


--
-- Name: roupas_imagens id; Type: DEFAULT; Schema: ocloset; Owner: neondb_owner
--

ALTER TABLE ONLY ocloset.roupas_imagens ALTER COLUMN id SET DEFAULT nextval('ocloset.roupas_imagens_id_seq'::regclass);


--
-- Name: usuarios id; Type: DEFAULT; Schema: ocloset; Owner: neondb_owner
--

ALTER TABLE ONLY ocloset.usuarios ALTER COLUMN id SET DEFAULT nextval('ocloset.usuarios_id_seq'::regclass);


--
-- Data for Name: alugueis; Type: TABLE DATA; Schema: ocloset; Owner: neondb_owner
--

COPY ocloset.alugueis (id, reserva_id, usuario_id, roupa_id, data_inicio, data_fim, status, criado_em, atualizado_em) FROM stdin;
\.


--
-- Data for Name: auth_group; Type: TABLE DATA; Schema: ocloset; Owner: neondb_owner
--

COPY ocloset.auth_group (id, name) FROM stdin;
\.


--
-- Data for Name: auth_group_permissions; Type: TABLE DATA; Schema: ocloset; Owner: neondb_owner
--

COPY ocloset.auth_group_permissions (id, group_id, permission_id) FROM stdin;
\.


--
-- Data for Name: auth_permission; Type: TABLE DATA; Schema: ocloset; Owner: neondb_owner
--

COPY ocloset.auth_permission (id, name, content_type_id, codename) FROM stdin;
1	Can add log entry	1	add_logentry
2	Can change log entry	1	change_logentry
3	Can delete log entry	1	delete_logentry
4	Can view log entry	1	view_logentry
5	Can add permission	2	add_permission
6	Can change permission	2	change_permission
7	Can delete permission	2	delete_permission
8	Can view permission	2	view_permission
9	Can add group	3	add_group
10	Can change group	3	change_group
11	Can delete group	3	delete_group
12	Can view group	3	view_group
13	Can add user	4	add_user
14	Can change user	4	change_user
15	Can delete user	4	delete_user
16	Can view user	4	view_user
17	Can add content type	5	add_contenttype
18	Can change content type	5	change_contenttype
19	Can delete content type	5	delete_contenttype
20	Can view content type	5	view_contenttype
21	Can add session	6	add_session
22	Can change session	6	change_session
23	Can delete session	6	delete_session
24	Can view session	6	view_session
25	Can add Token	7	add_token
26	Can change Token	7	change_token
27	Can delete Token	7	delete_token
28	Can view Token	7	view_token
29	Can add Token	8	add_tokenproxy
30	Can change Token	8	change_tokenproxy
31	Can delete Token	8	delete_tokenproxy
32	Can view Token	8	view_tokenproxy
33	Can add alugueis	9	add_alugueis
34	Can change alugueis	9	change_alugueis
35	Can delete alugueis	9	delete_alugueis
36	Can view alugueis	9	view_alugueis
37	Can add avaliacoes	10	add_avaliacoes
38	Can change avaliacoes	10	change_avaliacoes
39	Can delete avaliacoes	10	delete_avaliacoes
40	Can view avaliacoes	10	view_avaliacoes
41	Can add comentarios	11	add_comentarios
42	Can change comentarios	11	change_comentarios
43	Can delete comentarios	11	delete_comentarios
44	Can view comentarios	11	view_comentarios
45	Can add favoritos	12	add_favoritos
46	Can change favoritos	12	change_favoritos
47	Can delete favoritos	12	delete_favoritos
48	Can view favoritos	12	view_favoritos
49	Can add pagamentos	13	add_pagamentos
50	Can change pagamentos	13	change_pagamentos
51	Can delete pagamentos	13	delete_pagamentos
52	Can view pagamentos	13	view_pagamentos
53	Can add reservas	14	add_reservas
54	Can change reservas	14	change_reservas
55	Can delete reservas	14	delete_reservas
56	Can view reservas	14	view_reservas
57	Can add roupas	15	add_roupas
58	Can change roupas	15	change_roupas
59	Can delete roupas	15	delete_roupas
60	Can view roupas	15	view_roupas
61	Can add roupas imagens	16	add_roupasimagens
62	Can change roupas imagens	16	change_roupasimagens
63	Can delete roupas imagens	16	delete_roupasimagens
64	Can view roupas imagens	16	view_roupasimagens
65	Can add usuarios	17	add_usuarios
66	Can change usuarios	17	change_usuarios
67	Can delete usuarios	17	delete_usuarios
68	Can view usuarios	17	view_usuarios
\.


--
-- Data for Name: auth_user; Type: TABLE DATA; Schema: ocloset; Owner: neondb_owner
--

COPY ocloset.auth_user (id, password, last_login, is_superuser, username, first_name, last_name, email, is_staff, is_active, date_joined) FROM stdin;
1	pbkdf2_sha256$1000000$4aLKZQtpJaQPcZYi63JuGL$QEWlPAhCkc6t7zSehIr+D/SfEmnWwJ+sxYEYaFJ7gtc=	\N	f	teste@email.com			teste@email.com	f	t	2025-10-21 23:58:54.936675+00
2	pbkdf2_sha256$1000000$fSisoDESwEB7UQPzDujw74$c8BYXMqxXgz11IpqTf8fnqFHaG0q2r1FHaIpuYFHWq4=	\N	f	userteste@email.com			userteste@email.com	f	t	2025-10-27 13:39:08.833391+00
\.


--
-- Data for Name: auth_user_groups; Type: TABLE DATA; Schema: ocloset; Owner: neondb_owner
--

COPY ocloset.auth_user_groups (id, user_id, group_id) FROM stdin;
\.


--
-- Data for Name: auth_user_user_permissions; Type: TABLE DATA; Schema: ocloset; Owner: neondb_owner
--

COPY ocloset.auth_user_user_permissions (id, user_id, permission_id) FROM stdin;
\.


--
-- Data for Name: authtoken_token; Type: TABLE DATA; Schema: ocloset; Owner: neondb_owner
--

COPY ocloset.authtoken_token (key, created, user_id) FROM stdin;
834c38ed0fa78ed918db7ed56b4df993509497dd	2025-10-21 23:59:39.508551+00	1
cc91862548f9fabe37e63078c87f5635794283f4	2025-10-27 13:43:15.317938+00	2
\.


--
-- Data for Name: avaliacoes; Type: TABLE DATA; Schema: ocloset; Owner: neondb_owner
--

COPY ocloset.avaliacoes (id, usuario_id, roupa_id, nota, comentario, criado_em, atualizado_em) FROM stdin;
\.


--
-- Data for Name: comentarios; Type: TABLE DATA; Schema: ocloset; Owner: neondb_owner
--

COPY ocloset.comentarios (id, roupa_id, usuario_id, comentario) FROM stdin;
\.


--
-- Data for Name: django_admin_log; Type: TABLE DATA; Schema: ocloset; Owner: neondb_owner
--

COPY ocloset.django_admin_log (id, action_time, object_id, object_repr, action_flag, change_message, content_type_id, user_id) FROM stdin;
\.


--
-- Data for Name: django_content_type; Type: TABLE DATA; Schema: ocloset; Owner: neondb_owner
--

COPY ocloset.django_content_type (id, app_label, model) FROM stdin;
1	admin	logentry
2	auth	permission
3	auth	group
4	auth	user
5	contenttypes	contenttype
6	sessions	session
7	authtoken	token
8	authtoken	tokenproxy
9	app_Ocloset	alugueis
10	app_Ocloset	avaliacoes
11	app_Ocloset	comentarios
12	app_Ocloset	favoritos
13	app_Ocloset	pagamentos
14	app_Ocloset	reservas
15	app_Ocloset	roupas
16	app_Ocloset	roupasimagens
17	app_Ocloset	usuarios
\.


--
-- Data for Name: django_migrations; Type: TABLE DATA; Schema: ocloset; Owner: neondb_owner
--

COPY ocloset.django_migrations (id, app, name, applied) FROM stdin;
1	contenttypes	0001_initial	2025-10-21 23:48:53.258431+00
2	auth	0001_initial	2025-10-21 23:48:58.198962+00
3	admin	0001_initial	2025-10-21 23:48:59.502112+00
4	admin	0002_logentry_remove_auto_add	2025-10-21 23:48:59.67505+00
5	admin	0003_logentry_add_action_flag_choices	2025-10-21 23:49:00.163089+00
6	contenttypes	0002_remove_content_type_name	2025-10-21 23:49:01.151302+00
7	auth	0002_alter_permission_name_max_length	2025-10-21 23:49:01.802173+00
8	auth	0003_alter_user_email_max_length	2025-10-21 23:49:02.457606+00
9	auth	0004_alter_user_username_opts	2025-10-21 23:49:02.788338+00
10	auth	0005_alter_user_last_login_null	2025-10-21 23:49:03.608366+00
11	auth	0006_require_contenttypes_0002	2025-10-21 23:49:03.933209+00
12	auth	0007_alter_validators_add_error_messages	2025-10-21 23:49:04.435085+00
13	auth	0008_alter_user_username_max_length	2025-10-21 23:49:05.255771+00
14	auth	0009_alter_user_last_name_max_length	2025-10-21 23:49:05.905545+00
15	auth	0010_alter_group_name_max_length	2025-10-21 23:49:06.560902+00
16	auth	0011_update_proxy_permissions	2025-10-21 23:49:06.903437+00
17	auth	0012_alter_user_first_name_max_length	2025-10-21 23:49:07.720746+00
18	authtoken	0001_initial	2025-10-21 23:49:08.862633+00
19	authtoken	0002_auto_20160226_1747	2025-10-21 23:49:09.050635+00
20	authtoken	0003_tokenproxy	2025-10-21 23:49:09.550891+00
21	authtoken	0004_alter_tokenproxy_options	2025-10-21 23:49:10.0369+00
22	sessions	0001_initial	2025-10-21 23:49:11.346394+00
\.


--
-- Data for Name: django_session; Type: TABLE DATA; Schema: ocloset; Owner: neondb_owner
--

COPY ocloset.django_session (session_key, session_data, expire_date) FROM stdin;
\.


--
-- Data for Name: favoritos; Type: TABLE DATA; Schema: ocloset; Owner: neondb_owner
--

COPY ocloset.favoritos (id, usuario_id, roupa_id, criado_em) FROM stdin;
\.


--
-- Data for Name: pagamentos; Type: TABLE DATA; Schema: ocloset; Owner: neondb_owner
--

COPY ocloset.pagamentos (id, reserva_id, valor, metodo, status) FROM stdin;
\.


--
-- Data for Name: reservas; Type: TABLE DATA; Schema: ocloset; Owner: neondb_owner
--

COPY ocloset.reservas (id, usuario_id, roupa_id, data_inicio, data_fim, status, criado_em, atualizado_em) FROM stdin;
\.


--
-- Data for Name: roupas; Type: TABLE DATA; Schema: ocloset; Owner: neondb_owner
--

COPY ocloset.roupas (id, usuario_id, marca, cor, tamanho, descricao, cuidados, ocasiao, valor, status, criado_em, atualizado_em) FROM stdin;
3	2	Zara	Azul-Marinho	M	Vestido longo de festa	Lavar à mão e não usar alvejante	Festa	199.90	disponivel	2025-10-21 14:00:00	2025-10-21 17:00:00
5	4	Nova Marca	Azul	G	Minha nova roupa	\N	\N	150.00	disponivel	\N	\N
6	4	Nova Marca	Azul	G	Minha nova roupa	\N	\N	150.00	disponivel	\N	\N
7	4	Nova Marca	Azul	G	Minha nova roupa	\N	\N	150.00	disponivel	\N	\N
\.


--
-- Data for Name: roupas_imagens; Type: TABLE DATA; Schema: ocloset; Owner: neondb_owner
--

COPY ocloset.roupas_imagens (id, roupa_id, url, criado_em) FROM stdin;
1	3	https://encrypted-tbn0.gstatic.com/images?q=tbn:ANd9GcQxA4upj46tU6hjDnE88U4GaYcmh8BJDTi4Xg&s	\N
\.


--
-- Data for Name: usuarios; Type: TABLE DATA; Schema: ocloset; Owner: neondb_owner
--

COPY ocloset.usuarios (id, nome, email, telefone, cpf, cidade, bairro, endereco, criado_em, atualizado_em, user_id) FROM stdin;
2	Eduarda S. Queiroz	eduarda.s.queiroz@example.com	(51) 98888-9999	123.456.789-00	Canoas	Centro	Rua das Flores, 123	2025-10-21 14:00:00	2025-10-21 15:00:00	\N
4	Utilizador Teste	teste@email.com	53999998888	123.456.789-03	Pelotas	Centro	Rua 7	\N	\N	1
5	Usuario Teste	userteste@email.com	53999998888	123.456.789-04	Pelotas	Centro	Rua 7	\N	\N	2
\.


--
-- Name: alugueis_id_seq; Type: SEQUENCE SET; Schema: ocloset; Owner: neondb_owner
--

SELECT pg_catalog.setval('ocloset.alugueis_id_seq', 1, false);


--
-- Name: auth_group_id_seq; Type: SEQUENCE SET; Schema: ocloset; Owner: neondb_owner
--

SELECT pg_catalog.setval('ocloset.auth_group_id_seq', 1, false);


--
-- Name: auth_group_permissions_id_seq; Type: SEQUENCE SET; Schema: ocloset; Owner: neondb_owner
--

SELECT pg_catalog.setval('ocloset.auth_group_permissions_id_seq', 1, false);


--
-- Name: auth_permission_id_seq; Type: SEQUENCE SET; Schema: ocloset; Owner: neondb_owner
--

SELECT pg_catalog.setval('ocloset.auth_permission_id_seq', 68, true);


--
-- Name: auth_user_groups_id_seq; Type: SEQUENCE SET; Schema: ocloset; Owner: neondb_owner
--

SELECT pg_catalog.setval('ocloset.auth_user_groups_id_seq', 1, false);


--
-- Name: auth_user_id_seq; Type: SEQUENCE SET; Schema: ocloset; Owner: neondb_owner
--

SELECT pg_catalog.setval('ocloset.auth_user_id_seq', 2, true);


--
-- Name: auth_user_user_permissions_id_seq; Type: SEQUENCE SET; Schema: ocloset; Owner: neondb_owner
--

SELECT pg_catalog.setval('ocloset.auth_user_user_permissions_id_seq', 1, false);


--
-- Name: avaliacoes_id_seq; Type: SEQUENCE SET; Schema: ocloset; Owner: neondb_owner
--

SELECT pg_catalog.setval('ocloset.avaliacoes_id_seq', 1, false);


--
-- Name: comentarios_id_seq; Type: SEQUENCE SET; Schema: ocloset; Owner: neondb_owner
--

SELECT pg_catalog.setval('ocloset.comentarios_id_seq', 1, false);


--
-- Name: django_admin_log_id_seq; Type: SEQUENCE SET; Schema: ocloset; Owner: neondb_owner
--

SELECT pg_catalog.setval('ocloset.django_admin_log_id_seq', 1, false);


--
-- Name: django_content_type_id_seq; Type: SEQUENCE SET; Schema: ocloset; Owner: neondb_owner
--

SELECT pg_catalog.setval('ocloset.django_content_type_id_seq', 17, true);


--
-- Name: django_migrations_id_seq; Type: SEQUENCE SET; Schema: ocloset; Owner: neondb_owner
--

SELECT pg_catalog.setval('ocloset.django_migrations_id_seq', 22, true);


--
-- Name: favoritos_id_seq; Type: SEQUENCE SET; Schema: ocloset; Owner: neondb_owner
--

SELECT pg_catalog.setval('ocloset.favoritos_id_seq', 1, false);


--
-- Name: pagamentos_id_seq; Type: SEQUENCE SET; Schema: ocloset; Owner: neondb_owner
--

SELECT pg_catalog.setval('ocloset.pagamentos_id_seq', 1, false);


--
-- Name: reservas_id_seq; Type: SEQUENCE SET; Schema: ocloset; Owner: neondb_owner
--

SELECT pg_catalog.setval('ocloset.reservas_id_seq', 1, false);


--
-- Name: roupas_id_seq; Type: SEQUENCE SET; Schema: ocloset; Owner: neondb_owner
--

SELECT pg_catalog.setval('ocloset.roupas_id_seq', 7, true);


--
-- Name: roupas_imagens_id_seq; Type: SEQUENCE SET; Schema: ocloset; Owner: neondb_owner
--

SELECT pg_catalog.setval('ocloset.roupas_imagens_id_seq', 1, true);


--
-- Name: usuarios_id_seq; Type: SEQUENCE SET; Schema: ocloset; Owner: neondb_owner
--

SELECT pg_catalog.setval('ocloset.usuarios_id_seq', 5, true);


--
-- Name: alugueis alugueis_pkey; Type: CONSTRAINT; Schema: ocloset; Owner: neondb_owner
--

ALTER TABLE ONLY ocloset.alugueis
    ADD CONSTRAINT alugueis_pkey PRIMARY KEY (id);


--
-- Name: auth_group auth_group_name_key; Type: CONSTRAINT; Schema: ocloset; Owner: neondb_owner
--

ALTER TABLE ONLY ocloset.auth_group
    ADD CONSTRAINT auth_group_name_key UNIQUE (name);


--
-- Name: auth_group_permissions auth_group_permissions_group_id_permission_id_0cd325b0_uniq; Type: CONSTRAINT; Schema: ocloset; Owner: neondb_owner
--

ALTER TABLE ONLY ocloset.auth_group_permissions
    ADD CONSTRAINT auth_group_permissions_group_id_permission_id_0cd325b0_uniq UNIQUE (group_id, permission_id);


--
-- Name: auth_group_permissions auth_group_permissions_pkey; Type: CONSTRAINT; Schema: ocloset; Owner: neondb_owner
--

ALTER TABLE ONLY ocloset.auth_group_permissions
    ADD CONSTRAINT auth_group_permissions_pkey PRIMARY KEY (id);


--
-- Name: auth_group auth_group_pkey; Type: CONSTRAINT; Schema: ocloset; Owner: neondb_owner
--

ALTER TABLE ONLY ocloset.auth_group
    ADD CONSTRAINT auth_group_pkey PRIMARY KEY (id);


--
-- Name: auth_permission auth_permission_content_type_id_codename_01ab375a_uniq; Type: CONSTRAINT; Schema: ocloset; Owner: neondb_owner
--

ALTER TABLE ONLY ocloset.auth_permission
    ADD CONSTRAINT auth_permission_content_type_id_codename_01ab375a_uniq UNIQUE (content_type_id, codename);


--
-- Name: auth_permission auth_permission_pkey; Type: CONSTRAINT; Schema: ocloset; Owner: neondb_owner
--

ALTER TABLE ONLY ocloset.auth_permission
    ADD CONSTRAINT auth_permission_pkey PRIMARY KEY (id);


--
-- Name: auth_user_groups auth_user_groups_pkey; Type: CONSTRAINT; Schema: ocloset; Owner: neondb_owner
--

ALTER TABLE ONLY ocloset.auth_user_groups
    ADD CONSTRAINT auth_user_groups_pkey PRIMARY KEY (id);


--
-- Name: auth_user_groups auth_user_groups_user_id_group_id_94350c0c_uniq; Type: CONSTRAINT; Schema: ocloset; Owner: neondb_owner
--

ALTER TABLE ONLY ocloset.auth_user_groups
    ADD CONSTRAINT auth_user_groups_user_id_group_id_94350c0c_uniq UNIQUE (user_id, group_id);


--
-- Name: auth_user auth_user_pkey; Type: CONSTRAINT; Schema: ocloset; Owner: neondb_owner
--

ALTER TABLE ONLY ocloset.auth_user
    ADD CONSTRAINT auth_user_pkey PRIMARY KEY (id);


--
-- Name: auth_user_user_permissions auth_user_user_permissions_pkey; Type: CONSTRAINT; Schema: ocloset; Owner: neondb_owner
--

ALTER TABLE ONLY ocloset.auth_user_user_permissions
    ADD CONSTRAINT auth_user_user_permissions_pkey PRIMARY KEY (id);


--
-- Name: auth_user_user_permissions auth_user_user_permissions_user_id_permission_id_14a6b632_uniq; Type: CONSTRAINT; Schema: ocloset; Owner: neondb_owner
--

ALTER TABLE ONLY ocloset.auth_user_user_permissions
    ADD CONSTRAINT auth_user_user_permissions_user_id_permission_id_14a6b632_uniq UNIQUE (user_id, permission_id);


--
-- Name: auth_user auth_user_username_key; Type: CONSTRAINT; Schema: ocloset; Owner: neondb_owner
--

ALTER TABLE ONLY ocloset.auth_user
    ADD CONSTRAINT auth_user_username_key UNIQUE (username);


--
-- Name: authtoken_token authtoken_token_pkey; Type: CONSTRAINT; Schema: ocloset; Owner: neondb_owner
--

ALTER TABLE ONLY ocloset.authtoken_token
    ADD CONSTRAINT authtoken_token_pkey PRIMARY KEY (key);


--
-- Name: authtoken_token authtoken_token_user_id_key; Type: CONSTRAINT; Schema: ocloset; Owner: neondb_owner
--

ALTER TABLE ONLY ocloset.authtoken_token
    ADD CONSTRAINT authtoken_token_user_id_key UNIQUE (user_id);


--
-- Name: avaliacoes avaliacoes_pkey; Type: CONSTRAINT; Schema: ocloset; Owner: neondb_owner
--

ALTER TABLE ONLY ocloset.avaliacoes
    ADD CONSTRAINT avaliacoes_pkey PRIMARY KEY (id);


--
-- Name: comentarios comentarios_pkey; Type: CONSTRAINT; Schema: ocloset; Owner: neondb_owner
--

ALTER TABLE ONLY ocloset.comentarios
    ADD CONSTRAINT comentarios_pkey PRIMARY KEY (id);


--
-- Name: django_admin_log django_admin_log_pkey; Type: CONSTRAINT; Schema: ocloset; Owner: neondb_owner
--

ALTER TABLE ONLY ocloset.django_admin_log
    ADD CONSTRAINT django_admin_log_pkey PRIMARY KEY (id);


--
-- Name: django_content_type django_content_type_app_label_model_76bd3d3b_uniq; Type: CONSTRAINT; Schema: ocloset; Owner: neondb_owner
--

ALTER TABLE ONLY ocloset.django_content_type
    ADD CONSTRAINT django_content_type_app_label_model_76bd3d3b_uniq UNIQUE (app_label, model);


--
-- Name: django_content_type django_content_type_pkey; Type: CONSTRAINT; Schema: ocloset; Owner: neondb_owner
--

ALTER TABLE ONLY ocloset.django_content_type
    ADD CONSTRAINT django_content_type_pkey PRIMARY KEY (id);


--
-- Name: django_migrations django_migrations_pkey; Type: CONSTRAINT; Schema: ocloset; Owner: neondb_owner
--

ALTER TABLE ONLY ocloset.django_migrations
    ADD CONSTRAINT django_migrations_pkey PRIMARY KEY (id);


--
-- Name: django_session django_session_pkey; Type: CONSTRAINT; Schema: ocloset; Owner: neondb_owner
--

ALTER TABLE ONLY ocloset.django_session
    ADD CONSTRAINT django_session_pkey PRIMARY KEY (session_key);


--
-- Name: favoritos favoritos_pkey; Type: CONSTRAINT; Schema: ocloset; Owner: neondb_owner
--

ALTER TABLE ONLY ocloset.favoritos
    ADD CONSTRAINT favoritos_pkey PRIMARY KEY (id);


--
-- Name: favoritos favoritos_usuario_id_roupa_id_key; Type: CONSTRAINT; Schema: ocloset; Owner: neondb_owner
--

ALTER TABLE ONLY ocloset.favoritos
    ADD CONSTRAINT favoritos_usuario_id_roupa_id_key UNIQUE (usuario_id, roupa_id);


--
-- Name: pagamentos pagamentos_pkey; Type: CONSTRAINT; Schema: ocloset; Owner: neondb_owner
--

ALTER TABLE ONLY ocloset.pagamentos
    ADD CONSTRAINT pagamentos_pkey PRIMARY KEY (id);


--
-- Name: reservas reservas_pkey; Type: CONSTRAINT; Schema: ocloset; Owner: neondb_owner
--

ALTER TABLE ONLY ocloset.reservas
    ADD CONSTRAINT reservas_pkey PRIMARY KEY (id);


--
-- Name: roupas_imagens roupas_imagens_pkey; Type: CONSTRAINT; Schema: ocloset; Owner: neondb_owner
--

ALTER TABLE ONLY ocloset.roupas_imagens
    ADD CONSTRAINT roupas_imagens_pkey PRIMARY KEY (id);


--
-- Name: roupas roupas_pkey; Type: CONSTRAINT; Schema: ocloset; Owner: neondb_owner
--

ALTER TABLE ONLY ocloset.roupas
    ADD CONSTRAINT roupas_pkey PRIMARY KEY (id);


--
-- Name: usuarios usuarios_cpf_key; Type: CONSTRAINT; Schema: ocloset; Owner: neondb_owner
--

ALTER TABLE ONLY ocloset.usuarios
    ADD CONSTRAINT usuarios_cpf_key UNIQUE (cpf);


--
-- Name: usuarios usuarios_email_key; Type: CONSTRAINT; Schema: ocloset; Owner: neondb_owner
--

ALTER TABLE ONLY ocloset.usuarios
    ADD CONSTRAINT usuarios_email_key UNIQUE (email);


--
-- Name: usuarios usuarios_pkey; Type: CONSTRAINT; Schema: ocloset; Owner: neondb_owner
--

ALTER TABLE ONLY ocloset.usuarios
    ADD CONSTRAINT usuarios_pkey PRIMARY KEY (id);


--
-- Name: usuarios usuarios_user_id_key; Type: CONSTRAINT; Schema: ocloset; Owner: neondb_owner
--

ALTER TABLE ONLY ocloset.usuarios
    ADD CONSTRAINT usuarios_user_id_key UNIQUE (user_id);


--
-- Name: auth_group_name_a6ea08ec_like; Type: INDEX; Schema: ocloset; Owner: neondb_owner
--

CREATE INDEX auth_group_name_a6ea08ec_like ON ocloset.auth_group USING btree (name varchar_pattern_ops);


--
-- Name: auth_group_permissions_group_id_b120cbf9; Type: INDEX; Schema: ocloset; Owner: neondb_owner
--

CREATE INDEX auth_group_permissions_group_id_b120cbf9 ON ocloset.auth_group_permissions USING btree (group_id);


--
-- Name: auth_group_permissions_permission_id_84c5c92e; Type: INDEX; Schema: ocloset; Owner: neondb_owner
--

CREATE INDEX auth_group_permissions_permission_id_84c5c92e ON ocloset.auth_group_permissions USING btree (permission_id);


--
-- Name: auth_permission_content_type_id_2f476e4b; Type: INDEX; Schema: ocloset; Owner: neondb_owner
--

CREATE INDEX auth_permission_content_type_id_2f476e4b ON ocloset.auth_permission USING btree (content_type_id);


--
-- Name: auth_user_groups_group_id_97559544; Type: INDEX; Schema: ocloset; Owner: neondb_owner
--

CREATE INDEX auth_user_groups_group_id_97559544 ON ocloset.auth_user_groups USING btree (group_id);


--
-- Name: auth_user_groups_user_id_6a12ed8b; Type: INDEX; Schema: ocloset; Owner: neondb_owner
--

CREATE INDEX auth_user_groups_user_id_6a12ed8b ON ocloset.auth_user_groups USING btree (user_id);


--
-- Name: auth_user_user_permissions_permission_id_1fbb5f2c; Type: INDEX; Schema: ocloset; Owner: neondb_owner
--

CREATE INDEX auth_user_user_permissions_permission_id_1fbb5f2c ON ocloset.auth_user_user_permissions USING btree (permission_id);


--
-- Name: auth_user_user_permissions_user_id_a95ead1b; Type: INDEX; Schema: ocloset; Owner: neondb_owner
--

CREATE INDEX auth_user_user_permissions_user_id_a95ead1b ON ocloset.auth_user_user_permissions USING btree (user_id);


--
-- Name: auth_user_username_6821ab7c_like; Type: INDEX; Schema: ocloset; Owner: neondb_owner
--

CREATE INDEX auth_user_username_6821ab7c_like ON ocloset.auth_user USING btree (username varchar_pattern_ops);


--
-- Name: authtoken_token_key_10f0b77e_like; Type: INDEX; Schema: ocloset; Owner: neondb_owner
--

CREATE INDEX authtoken_token_key_10f0b77e_like ON ocloset.authtoken_token USING btree (key varchar_pattern_ops);


--
-- Name: django_admin_log_content_type_id_c4bce8eb; Type: INDEX; Schema: ocloset; Owner: neondb_owner
--

CREATE INDEX django_admin_log_content_type_id_c4bce8eb ON ocloset.django_admin_log USING btree (content_type_id);


--
-- Name: django_admin_log_user_id_c564eba6; Type: INDEX; Schema: ocloset; Owner: neondb_owner
--

CREATE INDEX django_admin_log_user_id_c564eba6 ON ocloset.django_admin_log USING btree (user_id);


--
-- Name: django_session_expire_date_a5c62663; Type: INDEX; Schema: ocloset; Owner: neondb_owner
--

CREATE INDEX django_session_expire_date_a5c62663 ON ocloset.django_session USING btree (expire_date);


--
-- Name: django_session_session_key_c0390e0f_like; Type: INDEX; Schema: ocloset; Owner: neondb_owner
--

CREATE INDEX django_session_session_key_c0390e0f_like ON ocloset.django_session USING btree (session_key varchar_pattern_ops);


--
-- Name: alugueis alugueis_reserva_id_fkey; Type: FK CONSTRAINT; Schema: ocloset; Owner: neondb_owner
--

ALTER TABLE ONLY ocloset.alugueis
    ADD CONSTRAINT alugueis_reserva_id_fkey FOREIGN KEY (reserva_id) REFERENCES ocloset.reservas(id) ON DELETE SET NULL;


--
-- Name: alugueis alugueis_roupa_id_fkey; Type: FK CONSTRAINT; Schema: ocloset; Owner: neondb_owner
--

ALTER TABLE ONLY ocloset.alugueis
    ADD CONSTRAINT alugueis_roupa_id_fkey FOREIGN KEY (roupa_id) REFERENCES ocloset.roupas(id) ON DELETE CASCADE;


--
-- Name: alugueis alugueis_usuario_id_fkey; Type: FK CONSTRAINT; Schema: ocloset; Owner: neondb_owner
--

ALTER TABLE ONLY ocloset.alugueis
    ADD CONSTRAINT alugueis_usuario_id_fkey FOREIGN KEY (usuario_id) REFERENCES ocloset.usuarios(id) ON DELETE CASCADE;


--
-- Name: auth_group_permissions auth_group_permissio_permission_id_84c5c92e_fk_auth_perm; Type: FK CONSTRAINT; Schema: ocloset; Owner: neondb_owner
--

ALTER TABLE ONLY ocloset.auth_group_permissions
    ADD CONSTRAINT auth_group_permissio_permission_id_84c5c92e_fk_auth_perm FOREIGN KEY (permission_id) REFERENCES ocloset.auth_permission(id) DEFERRABLE INITIALLY DEFERRED;


--
-- Name: auth_group_permissions auth_group_permissions_group_id_b120cbf9_fk_auth_group_id; Type: FK CONSTRAINT; Schema: ocloset; Owner: neondb_owner
--

ALTER TABLE ONLY ocloset.auth_group_permissions
    ADD CONSTRAINT auth_group_permissions_group_id_b120cbf9_fk_auth_group_id FOREIGN KEY (group_id) REFERENCES ocloset.auth_group(id) DEFERRABLE INITIALLY DEFERRED;


--
-- Name: auth_permission auth_permission_content_type_id_2f476e4b_fk_django_co; Type: FK CONSTRAINT; Schema: ocloset; Owner: neondb_owner
--

ALTER TABLE ONLY ocloset.auth_permission
    ADD CONSTRAINT auth_permission_content_type_id_2f476e4b_fk_django_co FOREIGN KEY (content_type_id) REFERENCES ocloset.django_content_type(id) DEFERRABLE INITIALLY DEFERRED;


--
-- Name: auth_user_groups auth_user_groups_group_id_97559544_fk_auth_group_id; Type: FK CONSTRAINT; Schema: ocloset; Owner: neondb_owner
--

ALTER TABLE ONLY ocloset.auth_user_groups
    ADD CONSTRAINT auth_user_groups_group_id_97559544_fk_auth_group_id FOREIGN KEY (group_id) REFERENCES ocloset.auth_group(id) DEFERRABLE INITIALLY DEFERRED;


--
-- Name: auth_user_groups auth_user_groups_user_id_6a12ed8b_fk_auth_user_id; Type: FK CONSTRAINT; Schema: ocloset; Owner: neondb_owner
--

ALTER TABLE ONLY ocloset.auth_user_groups
    ADD CONSTRAINT auth_user_groups_user_id_6a12ed8b_fk_auth_user_id FOREIGN KEY (user_id) REFERENCES ocloset.auth_user(id) DEFERRABLE INITIALLY DEFERRED;


--
-- Name: auth_user_user_permissions auth_user_user_permi_permission_id_1fbb5f2c_fk_auth_perm; Type: FK CONSTRAINT; Schema: ocloset; Owner: neondb_owner
--

ALTER TABLE ONLY ocloset.auth_user_user_permissions
    ADD CONSTRAINT auth_user_user_permi_permission_id_1fbb5f2c_fk_auth_perm FOREIGN KEY (permission_id) REFERENCES ocloset.auth_permission(id) DEFERRABLE INITIALLY DEFERRED;


--
-- Name: auth_user_user_permissions auth_user_user_permissions_user_id_a95ead1b_fk_auth_user_id; Type: FK CONSTRAINT; Schema: ocloset; Owner: neondb_owner
--

ALTER TABLE ONLY ocloset.auth_user_user_permissions
    ADD CONSTRAINT auth_user_user_permissions_user_id_a95ead1b_fk_auth_user_id FOREIGN KEY (user_id) REFERENCES ocloset.auth_user(id) DEFERRABLE INITIALLY DEFERRED;


--
-- Name: authtoken_token authtoken_token_user_id_35299eff_fk_auth_user_id; Type: FK CONSTRAINT; Schema: ocloset; Owner: neondb_owner
--

ALTER TABLE ONLY ocloset.authtoken_token
    ADD CONSTRAINT authtoken_token_user_id_35299eff_fk_auth_user_id FOREIGN KEY (user_id) REFERENCES ocloset.auth_user(id) DEFERRABLE INITIALLY DEFERRED;


--
-- Name: avaliacoes avaliacoes_roupa_id_fkey; Type: FK CONSTRAINT; Schema: ocloset; Owner: neondb_owner
--

ALTER TABLE ONLY ocloset.avaliacoes
    ADD CONSTRAINT avaliacoes_roupa_id_fkey FOREIGN KEY (roupa_id) REFERENCES ocloset.roupas(id) ON DELETE CASCADE;


--
-- Name: avaliacoes avaliacoes_usuario_id_fkey; Type: FK CONSTRAINT; Schema: ocloset; Owner: neondb_owner
--

ALTER TABLE ONLY ocloset.avaliacoes
    ADD CONSTRAINT avaliacoes_usuario_id_fkey FOREIGN KEY (usuario_id) REFERENCES ocloset.usuarios(id) ON DELETE CASCADE;


--
-- Name: comentarios comentarios_roupa_id_fkey; Type: FK CONSTRAINT; Schema: ocloset; Owner: neondb_owner
--

ALTER TABLE ONLY ocloset.comentarios
    ADD CONSTRAINT comentarios_roupa_id_fkey FOREIGN KEY (roupa_id) REFERENCES ocloset.roupas(id) ON DELETE CASCADE;


--
-- Name: comentarios comentarios_usuario_id_fkey; Type: FK CONSTRAINT; Schema: ocloset; Owner: neondb_owner
--

ALTER TABLE ONLY ocloset.comentarios
    ADD CONSTRAINT comentarios_usuario_id_fkey FOREIGN KEY (usuario_id) REFERENCES ocloset.usuarios(id) ON DELETE CASCADE;


--
-- Name: django_admin_log django_admin_log_content_type_id_c4bce8eb_fk_django_co; Type: FK CONSTRAINT; Schema: ocloset; Owner: neondb_owner
--

ALTER TABLE ONLY ocloset.django_admin_log
    ADD CONSTRAINT django_admin_log_content_type_id_c4bce8eb_fk_django_co FOREIGN KEY (content_type_id) REFERENCES ocloset.django_content_type(id) DEFERRABLE INITIALLY DEFERRED;


--
-- Name: django_admin_log django_admin_log_user_id_c564eba6_fk_auth_user_id; Type: FK CONSTRAINT; Schema: ocloset; Owner: neondb_owner
--

ALTER TABLE ONLY ocloset.django_admin_log
    ADD CONSTRAINT django_admin_log_user_id_c564eba6_fk_auth_user_id FOREIGN KEY (user_id) REFERENCES ocloset.auth_user(id) DEFERRABLE INITIALLY DEFERRED;


--
-- Name: favoritos favoritos_roupa_id_fkey; Type: FK CONSTRAINT; Schema: ocloset; Owner: neondb_owner
--

ALTER TABLE ONLY ocloset.favoritos
    ADD CONSTRAINT favoritos_roupa_id_fkey FOREIGN KEY (roupa_id) REFERENCES ocloset.roupas(id) ON DELETE CASCADE;


--
-- Name: favoritos favoritos_usuario_id_fkey; Type: FK CONSTRAINT; Schema: ocloset; Owner: neondb_owner
--

ALTER TABLE ONLY ocloset.favoritos
    ADD CONSTRAINT favoritos_usuario_id_fkey FOREIGN KEY (usuario_id) REFERENCES ocloset.usuarios(id) ON DELETE CASCADE;


--
-- Name: usuarios fk_auth_user; Type: FK CONSTRAINT; Schema: ocloset; Owner: neondb_owner
--

ALTER TABLE ONLY ocloset.usuarios
    ADD CONSTRAINT fk_auth_user FOREIGN KEY (user_id) REFERENCES ocloset.auth_user(id) ON DELETE CASCADE;


--
-- Name: pagamentos pagamentos_reserva_id_fkey; Type: FK CONSTRAINT; Schema: ocloset; Owner: neondb_owner
--

ALTER TABLE ONLY ocloset.pagamentos
    ADD CONSTRAINT pagamentos_reserva_id_fkey FOREIGN KEY (reserva_id) REFERENCES ocloset.reservas(id) ON DELETE CASCADE;


--
-- Name: reservas reservas_roupa_id_fkey; Type: FK CONSTRAINT; Schema: ocloset; Owner: neondb_owner
--

ALTER TABLE ONLY ocloset.reservas
    ADD CONSTRAINT reservas_roupa_id_fkey FOREIGN KEY (roupa_id) REFERENCES ocloset.roupas(id) ON DELETE CASCADE;


--
-- Name: reservas reservas_usuario_id_fkey; Type: FK CONSTRAINT; Schema: ocloset; Owner: neondb_owner
--

ALTER TABLE ONLY ocloset.reservas
    ADD CONSTRAINT reservas_usuario_id_fkey FOREIGN KEY (usuario_id) REFERENCES ocloset.usuarios(id) ON DELETE CASCADE;


--
-- Name: roupas_imagens roupas_imagens_roupa_id_fkey; Type: FK CONSTRAINT; Schema: ocloset; Owner: neondb_owner
--

ALTER TABLE ONLY ocloset.roupas_imagens
    ADD CONSTRAINT roupas_imagens_roupa_id_fkey FOREIGN KEY (roupa_id) REFERENCES ocloset.roupas(id) ON DELETE CASCADE;


--
-- Name: roupas roupas_usuario_id_fkey; Type: FK CONSTRAINT; Schema: ocloset; Owner: neondb_owner
--

ALTER TABLE ONLY ocloset.roupas
    ADD CONSTRAINT roupas_usuario_id_fkey FOREIGN KEY (usuario_id) REFERENCES ocloset.usuarios(id) ON DELETE CASCADE;


--
-- PostgreSQL database dump complete
--

\unrestrict IY9b2bhvAcIgZFQvQ4q2kJXjKmnM2gqkQ1ZAnh6fEASKnFFv4eUMNJTl75PcV5H

